anchor,sidekick,co_drafts,anchor_draft_seasons,sidekick_draft_seasons,p_anchor_given_sidekick,p_sidekick_given_anchor,asymmetry,chemistry_z,expected_co_drafts_season_random,same_season_drafts,pair_seasons,pair_team_names
Tapu_Koko,Naclstack,2,16,2,1.0,0.125,0.875,4.92394628314809,0.15240855981711965,2,S15; S16,Oricorios; Zeraora
Zygarde,Yanmega,2,16,2,1.0,0.125,0.875,4.919349550499538,0.15267175572519084,2,S3; S9,Poggers; Regiskins
Rotom-Heat,Purugly,2,15,2,1.0,0.13333333333333333,0.8666666666666667,4.670669315550932,0.1680789971286505,2,S1; S2,Patrats
Tornadus-Therian,Grafaiai,2,14,2,1.0,0.14285714285714285,0.8571428571428572,4.924494433364483,0.15237720579970776,2,S18; S19,Murkrows; Zeraora
Togekiss,Electivire,2,14,2,1.0,0.14285714285714285,0.8571428571428572,4.9196708269316325,0.15265333818005572,2,S13; S20,Aggies; Poggers Patrol
Rotom-Wash,Goodra-Hisui,2,13,2,1.0,0.15384615384615385,0.8461538461538461,4.924428900898052,0.1523809523809524,2,S14; S19,Charizards; Metapods
Gliscor,Qwilfish,2,13,2,1.0,0.15384615384615385,0.8461538461538461,4.919349550499538,0.15267175572519084,2,S3; S8,Politoeds; Seadras
Donphan,Kleavor,2,11,2,1.0,0.18181818181818182,0.8181818181818181,4.92394628314809,0.15240855981711965,2,S15; S16,Aggies; Metapods
Arcanine,Rotom-Fan,2,11,2,1.0,0.18181818181818182,0.8181818181818181,4.670669315550932,0.1680789971286505,2,S1; S11,Shaymins; Zeraora
Serperior,Charizard,2,11,2,1.0,0.18181818181818182,0.8181818181818181,4.670669315550932,0.1680789971286505,2,S1; S8,Krookodiles; Magikarps
Nidoking,Lycanroc-Midnight,2,10,2,1.0,0.2,0.8,4.919349550499538,0.15267175572519084,2,S11; S12,Aggies; Chatots
Weezing,M. Absol,2,10,2,1.0,0.2,0.8,4.919349550499538,0.15267175572519084,2,S2; S3,Goomys; SD Padreigons
Volcarona,Mawile-Mega,2,9,2,1.0,0.2222222222222222,0.7777777777777778,4.924428900898052,0.1523809523809524,2,S17; S19,Charizards; Primarinas
Blissey,Gyarados-Mega,2,9,2,1.0,0.2222222222222222,0.7777777777777778,4.921953095399666,0.152522607471827,2,S12; S18,Chatots; Poggers
Nihilego,Purugly,2,9,2,1.0,0.2222222222222222,0.7777777777777778,4.670669315550932,0.1680789971286505,2,S1; S2,Patrats
Roserade,Linoone,2,9,2,1.0,0.2222222222222222,0.7777777777777778,4.670669315550932,0.1680789971286505,2,S1; S3,Lanturns; Poliwags
Mimikyu,Zangoose,2,8,2,1.0,0.25,0.75,4.919349550499538,0.15267175572519084,2,S4; S5,Aggrons
Ting-Lu,Naclstack,2,7,2,1.0,0.2857142857142857,0.7142857142857143,4.92394628314809,0.15240855981711965,2,S15; S16,Oricorios; Zeraora
Noivern,Hoopa-U,2,7,2,1.0,0.2857142857142857,0.7142857142857143,4.919349550499538,0.15267175572519084,2,S3; S4,Chatots; Seadras
Annihilape,Vileplume,2,6,2,1.0,0.3333333333333333,0.6666666666666667,4.9222747822849415,0.1525041899266919,2,S18; S20,Oricorios; Poggers Patrol
Torkoal,Brute_Bonnet,2,6,2,1.0,0.3333333333333333,0.6666666666666667,4.92188764452199,0.15252635405307163,2,S13; S17,Gulp Missiles; Staraptors
Torkoal,Venusaur,2,6,2,1.0,0.3333333333333333,0.6666666666666667,4.92188764452199,0.15252635405307163,2,S3; S19,Metapods; Shaymins
Malamar,Zangoose,2,6,2,1.0,0.3333333333333333,0.6666666666666667,4.919349550499538,0.15267175572519084,2,S4; S5,Aggrons
Milotic,Ferroseed,2,6,2,1.0,0.3333333333333333,0.6666666666666667,4.919349550499538,0.15267175572519084,2,S2; S9,Dracos; Multiscalers
Archaludon,Alcremie,2,5,2,1.0,0.4,0.6,4.9255039612815885,0.1523195084485407,2,S16; S19,Charizards; Oricorios
Scream_Tail,Smeargle,2,5,2,1.0,0.4,0.6,4.924428900898052,0.1523809523809524,2,S14; S19,Gulp Missiles; Murkrows
Iron_Moth,Vigoroth,2,5,2,1.0,0.4,0.6,4.922209321083916,0.1525079365079365,2,S14; S20,Houston Zeraora; Oricorios
Gigalith,Garchomp-Mega,2,5,2,1.0,0.4,0.6,4.919349550499538,0.15267175572519084,2,S9; S10,Aggrons; Primarinas
Tapu_Koko,Raichu-Alola,4,16,5,0.8,0.25,0.55,6.957010852370435,0.3053435114503817,4,S5; S7; S9; S10,Crobats; Metapods; Primarinas; Shaymins
Tapu_Koko,Hariyama,2,16,3,0.6666666666666666,0.125,0.5416666666666666,3.8506555557938955,0.22900763358778625,3,S12; S13,Crobats; Dracos
Dragapult,Terapagos,3,14,4,0.75,0.21428571428571427,0.5357142857142857,5.078929576218307,0.30482744495647723,4,S16; S17; S19,Crobats; Staraptors; Zeraora
Dragapult,Hitmonchan,2,14,3,0.6666666666666666,0.14285714285714285,0.5238095238095237,4.92394628314809,0.15240855981711965,2,S15; S16,Crobats; Zeraora
Jolteon,Sliggoo-Hisui,2,14,3,0.6666666666666666,0.14285714285714285,0.5238095238095237,4.922872043058084,0.15247000374953132,2,S14; S15,Aggies; Murkrows
Cryogonal,Urshifu-Rapid-Strike,2,14,3,0.6666666666666666,0.14285714285714285,0.5238095238095237,3.8520938794384425,0.22886223191566704,3,S10; S14,Shaymins
Togekiss,Orbeetle,2,14,3,0.6666666666666666,0.14285714285714285,0.5238095238095237,3.8506555557938955,0.22900763358778625,3,S8; S13,Aggies; Primarinas
Rotom-Wash,Accelgor,3,13,4,0.75,0.23076923076923078,0.5192307692307692,6.024948132556827,0.22900763358778625,3,S5; S6; S12,Dracos; Lanturns; Multiscalers
Silvally,Vanilluxe,3,13,4,0.75,0.23076923076923078,0.5192307692307692,6.024948132556827,0.22900763358778625,3,S7; S8; S13,Lanturns; Ribombees; Zeraora
Sylveon,Zoroark,2,13,3,0.6666666666666666,0.15384615384615385,0.5128205128205128,4.919349550499538,0.15267175572519084,2,S6; S9,Lanturns; Ribombees
Crobat,Dusclops,2,13,3,0.6666666666666666,0.15384615384615385,0.5128205128205128,3.8506555557938955,0.22900763358778625,3,S2; S10,Brelooms; Primarinas
Mamoswine,Tornadus-T,2,13,3,0.6666666666666666,0.15384615384615385,0.5128205128205128,3.8506555557938955,0.22900763358778625,3,S2; S3,Dracos; Lanturns
Haxorus,Blacephalon,2,13,3,0.6666666666666666,0.15384615384615385,0.5128205128205128,3.7065077465299514,0.2444148749912459,3,S2; S4,Aggrons; Lanturns
Clodsire,Sinistcha,2,4,2,1.0,0.5,0.5,4.924494433364483,0.15237720579970776,2,S18; S19,Crobats; Zeraora
Machamp,Zangoose,2,4,2,1.0,0.5,0.5,4.919349550499538,0.15267175572519084,2,S4; S5,Aggrons
Donphan,Enamorus,2,11,3,0.6666666666666666,0.18181818181818182,0.4848484848484848,4.92394628314809,0.15240855981711965,2,S15; S16,Aggies; Metapods
Serperior,Zebstrika,2,11,3,0.6666666666666666,0.18181818181818182,0.4848484848484848,3.7065077465299514,0.2444148749912459,3,S1; S5,Magikarps; Seadras
Victini,Kecleon,2,11,3,0.6666666666666666,0.18181818181818182,0.4848484848484848,3.7065077465299514,0.2444148749912459,3,S1; S2,Escavaliers; Goomys
Darmanitan,Indeedee,2,10,3,0.6666666666666666,0.2,0.4666666666666666,4.919349550499538,0.15267175572519084,2,S9; S11,Aggrons; PC
Galvantula,Hoopa-Unbound,2,10,3,0.6666666666666666,0.2,0.4666666666666666,3.8520938794384425,0.22886223191566704,3,S6; S9,Archeops; Multiscalers
Diancie-Mega,Centiskorch,2,10,3,0.6666666666666666,0.2,0.4666666666666666,3.8506555557938955,0.22900763358778625,3,S9; S10,Azumarills; Seadras
Nidoking,Blacephalon,2,10,3,0.6666666666666666,0.2,0.4666666666666666,3.7065077465299514,0.2444148749912459,3,S1; S2,Lanturns; Moltres
Alomomola,Eldegoss,2,9,3,0.6666666666666666,0.2222222222222222,0.4444444444444444,4.921953095399666,0.152522607471827,2,S7; S18,Poggers; Primarinas
Ninetales-Alola,Diggersby,2,9,3,0.6666666666666666,0.2222222222222222,0.4444444444444444,4.9196708269316325,0.15265333818005572,2,S4; S20,Gothenburg Murkrows; Seadras
Excadrill,Indeedee,2,9,3,0.6666666666666666,0.2222222222222222,0.4444444444444444,4.919349550499538,0.15267175572519084,2,S9; S11,Aggrons; PC
Goodra,Dusclops,2,9,3,0.6666666666666666,0.2222222222222222,0.4444444444444444,4.919349550499538,0.15267175572519084,2,S3; S10,Brelooms; Metapods
Grimmsnarl,Conkeldurr,2,9,3,0.6666666666666666,0.2222222222222222,0.4444444444444444,4.919349550499538,0.15267175572519084,2,S9; S11,Metapods; Primarinas
Nihilego,Slowbro-Mega,2,9,3,0.6666666666666666,0.2222222222222222,0.4444444444444444,4.919349550499538,0.15267175572519084,2,S6; S7,Politoads; Seadras
Venusaur-Mega,Orbeetle,2,9,3,0.6666666666666666,0.2222222222222222,0.4444444444444444,4.919349550499538,0.15267175572519084,2,S7; S13,Aggies; Archeops
Corviknight,Toxtricity,2,9,3,0.6666666666666666,0.2222222222222222,0.4444444444444444,3.854179260960706,0.2286516397298915,3,S7; S18,Chatots; Shaymins
Forretress,Maushold,2,9,3,0.6666666666666666,0.2222222222222222,0.4444444444444444,3.8541286337765137,0.2286567333587629,3,S14; S15,Metapods; Poggers
Druddigon,Basculin,2,9,3,0.6666666666666666,0.2222222222222222,0.4444444444444444,3.8520938794384425,0.22886223191566704,3,S12; S17,Shaymins
Druddigon,Mudsdale,2,9,3,0.6666666666666666,0.2222222222222222,0.4444444444444444,3.8506555557938955,0.22900763358778625,3,S10; S11,Crobats; Multiscalers
Zapdos,Kecleon,2,9,3,0.6666666666666666,0.2222222222222222,0.4444444444444444,3.7065077465299514,0.2444148749912459,3,S1; S9,Escavaliers; Poggers
Pidgeot-Mega,Arctovish,2,8,3,0.6666666666666666,0.25,0.41666666666666663,4.921953095399666,0.152522607471827,2,S8; S18,Charizards; Poggers
Volcanion,Probopass,2,8,3,0.6666666666666666,0.25,0.41666666666666663,4.92188764452199,0.15252635405307163,2,S10; S17,Murkrows; Oricorios
Uxie,Diggersby,2,8,3,0.6666666666666666,0.25,0.41666666666666663,4.9196708269316325,0.15265333818005572,2,S3; S20,Gothenburg Murkrows; Lanturns
Miltank,Urshifu-Rapid-Strike,2,8,3,0.6666666666666666,0.25,0.41666666666666663,3.8520938794384425,0.22886223191566704,3,S10; S14,Shaymins
Tapu_Koko,Charizard-Mega-X,3,16,5,0.6,0.1875,0.4125,4.409903643724195,0.38166097176784197,5,S6; S11; S20,Aggrons; Gigatrans Hammers; Poggers
Rotom-Heat,Baxcalibur,3,15,5,0.6,0.2,0.39999999999999997,5.0787411525132695,0.3048472095492391,4,S15; S18; S19,Charizards; Crobats; Shaymins
Dragapult,Iron_Moth,3,14,5,0.6,0.21428571428571427,0.3857142857142857,4.412329849128131,0.38131381812006326,5,S15; S19; S20,Houston Zeraora; Staraptors; Zeraora
Celesteela,Ditto,3,14,5,0.6,0.21428571428571427,0.3857142857142857,4.410790819004261,0.3815339876408579,5,S2; S6; S19,Magikarps; Poggers; Ribombees
Araquanid,Hariyama,2,7,3,0.6666666666666666,0.2857142857142857,0.38095238095238093,4.919349550499538,0.15267175572519084,2,S8; S13,Crobats; Lickilicky
Iron_Treads,Bastiodon,2,7,3,0.6666666666666666,0.2857142857142857,0.38095238095238093,3.8547004686880957,0.22859903600759585,3,S15; S16,Aggies; Crobats
Slowking-Galar,Sliggoo-Hisui,2,7,3,0.6666666666666666,0.2857142857142857,0.38095238095238093,3.854091510104096,0.22866047994000752,3,S15; S19,Aggies; Shaymins
Tapu_Koko,Iron_Leaves,2,16,4,0.5,0.125,0.375,3.194342920803424,0.3048472095492391,4,S14; S15,Primarinas; Zeraora
Tapu_Koko,Tangela,2,16,4,0.5,0.125,0.375,3.191025638897183,0.3053435114503817,4,S12; S13,Crobats; Dracos
Clefable,Tentacruel,2,15,4,0.5,0.13333333333333333,0.3666666666666667,3.8520938794384425,0.22886223191566704,3,S4; S17,Dracos; Metapods
Clefable,Accelgor,2,15,4,0.5,0.13333333333333333,0.3666666666666667,3.191025638897183,0.3053435114503817,4,S4; S6,Dracos; Lanturns
Rotom-Heat,Latias-Mega,2,15,4,0.5,0.13333333333333333,0.3666666666666667,3.0925219355044424,0.3207507528538413,4,S1; S8,Chatots; Patrats
Cryogonal,Entei,2,14,4,0.5,0.14285714285714285,0.35714285714285715,4.922961366188803,0.15246491012065994,2,S3; S16,Charizards; Leafeons
Dragapult,Machamp,2,14,4,0.5,0.14285714285714285,0.35714285714285715,4.919349550499538,0.15267175572519084,2,S7; S10,Azumarills; Whiscashes
Togekiss,Quaquaval,2,14,4,0.5,0.14285714285714285,0.35714285714285715,3.85227612894957,0.22884381437053192,3,S13; S17,Aggies; Zeraora
Cryogonal,Altaria-Mega,2,14,4,0.5,0.14285714285714285,0.35714285714285715,3.8512127930368165,0.22895128328424597,3,S10; S15,Murkrows; Shaymins
Dragapult,Lycanroc,2,14,4,0.5,0.14285714285714285,0.35714285714285715,3.8506555557938955,0.22900763358778625,3,S7; S9,Chatots; Whiscashes
Tsareena,Aegislash,2,14,4,0.5,0.14285714285714285,0.35714285714285715,3.8506555557938955,0.22900763358778625,3,S8; S13,Multiscalers; Primarinas
Dragapult,Iron_Leaves,2,14,4,0.5,0.14285714285714285,0.35714285714285715,3.194342920803424,0.3048472095492391,4,S15; S18,Shaymins; Zeraora
Tornadus-Therian,Rotom-Frost,2,14,4,0.5,0.14285714285714285,0.35714285714285715,3.19199681437757,0.30519810977826245,4,S7; S12,Aggies; Primarinas
Hydreigon,Accelgor,2,14,4,0.5,0.14285714285714285,0.35714285714285715,3.191025638897183,0.3053435114503817,4,S4; S6,Dracos; Lanturns
Togekiss,Lycanroc,2,14,4,0.5,0.14285714285714285,0.35714285714285715,3.191025638897183,0.3053435114503817,4,S5; S7,Whiscashes
Scizor-Mega,Raichu-Alola,3,12,5,0.6,0.25,0.35,5.074018245633809,0.3053435114503817,4,S5; S7; S9,Crobats; Primarinas; Shaymins
Rotom-Wash,Arcanine-Hisui,2,13,4,0.5,0.15384615384615385,0.34615384615384615,3.8547004686880957,0.22859903600759585,3,S14; S16,Metapods; Zeraora
Garchomp,Rotom-Frost,2,13,4,0.5,0.15384615384615385,0.34615384615384615,3.8520938794384425,0.22886223191566704,3,S7; S17,Aggies; Primarinas
Empoleon,Komala,2,13,4,0.5,0.15384615384615385,0.34615384615384615,3.8506555557938955,0.22900763358778625,3,S5; S12,Primarinas; Regiskins
Infernape,Stoutland,2,13,4,0.5,0.15384615384615385,0.34615384615384615,3.8506555557938955,0.22900763358778625,3,S6; S11,Oricorios; Primarinas
Kyurem,Stoutland,2,13,4,0.5,0.15384615384615385,0.34615384615384615,3.8506555557938955,0.22900763358778625,3,S6; S8,Krookodiles; Primarinas
Shaymin,Pangoro,2,13,4,0.5,0.15384615384615385,0.34615384615384615,3.8506555557938955,0.22900763358778625,3,S4; S10,Poggers; Primarinas
Tangrowth,Tapu Fini,2,13,4,0.5,0.15384615384615385,0.34615384615384615,3.8506555557938955,0.22900763358778625,3,S3; S4,Goomys; Whiscashes
Amoonguss,Lycanroc-Dusk,2,13,4,0.5,0.15384615384615385,0.34615384615384615,3.192373319383198,0.30514175947472216,4,S10; S12,Metapods
Sylveon,Doublade,2,13,4,0.5,0.15384615384615385,0.34615384615384615,3.192373319383198,0.30514175947472216,4,S5; S19,Shaymins
Empoleon,Tyranitar,2,13,4,0.5,0.15384615384615385,0.34615384615384615,3.1914019203452675,0.3052871611468414,4,S4; S15,Oricorios; Regiskins
Infernape,Comfey,2,13,4,0.5,0.15384615384615385,0.34615384615384615,3.1914019203452675,0.3052871611468414,4,S7; S15,Metapods; Staraptors
Crobat,Typhlosion,2,13,4,0.5,0.15384615384615385,0.34615384615384615,3.191025638897183,0.3053435114503817,4,S3; S9,Regiskins; Shaymins
Mew,Accelgor,2,13,4,0.5,0.15384615384615385,0.34615384615384615,3.191025638897183,0.3053435114503817,4,S5; S12,Dracos; Multiscalers
Mew,Lucario,2,13,4,0.5,0.15384615384615385,0.34615384615384615,3.0925219355044424,0.3207507528538413,4,S1; S12,Lanturns; Multiscalers
Shaymin,Landorus-T,2,13,4,0.5,0.15384615384615385,0.34615384615384615,3.0925219355044424,0.3207507528538413,4,S1; S3,Dracos; Primarinas
Enamorus,Kleavor,2,3,2,1.0,0.6666666666666666,0.33333333333333337,4.92394628314809,0.15240855981711965,2,S15; S16,Aggies; Metapods
Incineroar,Staraptor,2,12,4,0.5,0.16666666666666666,0.33333333333333337,3.8512127930368165,0.22895128328424597,3,S3; S6,Metapods; Whiscashes
Mienshao,Comfey,2,12,4,0.5,0.16666666666666666,0.33333333333333337,3.8506555557938955,0.22900763358778625,3,S4; S6,Archeops; Metapods
Milotic,Tornadus-T,2,6,3,0.6666666666666666,0.3333333333333333,0.3333333333333333,4.919349550499538,0.15267175572519084,2,S2; S3,Dracos; Lanturns
Iron_Bundle,Sliggoo-Hisui,2,6,3,0.6666666666666666,0.3333333333333333,0.3333333333333333,3.854091510104096,0.22866047994000752,3,S14; S15,Aggies; Murkrows
Zoroark-Hisui,Politoed,2,6,3,0.6666666666666666,0.3333333333333333,0.3333333333333333,3.8537528821108458,0.2286946661171681,3,S17; S18,Aggies; Primarinas
Bellibolt,Fezandipiti,2,6,3,0.6666666666666666,0.3333333333333333,0.3333333333333333,3.8528338750417928,0.22878746406699163,3,S17; S20,Baltimore Oricorios; Oricorios
Dugtrio,Slowbro-Mega,2,6,3,0.6666666666666666,0.3333333333333333,0.3333333333333333,3.8520938794384425,0.22886223191566704,3,S6; S7,Politoads; Seadras
Great_Tusk,Walking_Wake,3,7,4,0.75,0.42857142857142855,0.32142857142857145,6.029897710133757,0.22866047994000752,3,S15; S17; S19,Metapods; Shaymins; Staraptors
Slowking,Brambleghast,2,11,4,0.5,0.18181818181818182,0.3181818181818182,4.92394628314809,0.15240855981711965,2,S15; S16,Crobats; Poggers
Heatran,Salamence,2,11,4,0.5,0.18181818181818182,0.3181818181818182,3.852130961377824,0.22885848533442243,3,S11; S18,Chatots; Primarinas
Gallade-Mega,Rotom-Frost,2,11,4,0.5,0.18181818181818182,0.3181818181818182,3.8520938794384425,0.22886223191566704,3,S7; S17,Aggies; Primarinas
Serperior,Magnezone,2,11,4,0.5,0.18181818181818182,0.3181818181818182,3.8520938794384425,0.22886223191566704,3,S3; S14,Chatots; Magikarps
Donphan,Comfey,2,11,4,0.5,0.18181818181818182,0.3181818181818182,3.8512127930368165,0.22895128328424597,3,S6; S7,Archeops; Metapods
Gengar,Comfey,2,11,4,0.5,0.18181818181818182,0.3181818181818182,3.8512127930368165,0.22895128328424597,3,S6; S15,Archeops; Staraptors
Krookodile,Vanilluxe,2,11,4,0.5,0.18181818181818182,0.3181818181818182,3.8512127930368165,0.22895128328424597,3,S7; S15,Lanturns; Poggers
Serperior,Stoutland,2,11,4,0.5,0.18181818181818182,0.3181818181818182,3.8506555557938955,0.22900763358778625,3,S2; S8,Krookodiles; Leafeons
Skarmory,Leafeon,2,11,4,0.5,0.18181818181818182,0.3181818181818182,3.8506555557938955,0.22900763358778625,3,S6; S7,Murkrows; Regiskins
Victini,Zygarde-10,2,11,4,0.5,0.18181818181818182,0.3181818181818182,3.8506555557938955,0.22900763358778625,3,S10; S12,Aggrons; Murkrows
Arcanine,Tapu Koko,2,11,4,0.5,0.18181818181818182,0.3181818181818182,3.7065077465299514,0.2444148749912459,3,S1; S3,Seadras; Shaymins
Donphan,Ogerpon,2,11,4,0.5,0.18181818181818182,0.3181818181818182,3.194729078678225,0.30478951219807204,4,S15; S19,Aggies; Poggers
Heatran,Lycanroc-Dusk,2,11,4,0.5,0.18181818181818182,0.3181818181818182,3.192373319383198,0.30514175947472216,4,S12; S15,Metapods; Murkrows
Florges,Leavanny,2,11,4,0.5,0.18181818181818182,0.3181818181818182,3.19199681437757,0.30519810977826245,4,S2; S17,Charizards; Lanturns
Victini,Minior,2,11,4,0.5,0.18181818181818182,0.3181818181818182,3.191025638897183,0.3053435114503817,4,S10; S12,Aggrons; Murkrows
Gligar,Garganacl,2,10,4,0.5,0.2,0.3,4.9255039612815885,0.1523195084485407,2,S16; S19,Shaymins
Galvantula,Clodsire,2,10,4,0.5,0.2,0.3,4.924494433364483,0.15237720579970776,2,S14; S18,Gulp Missiles; Zeraora
Rotom,Tinkaton,2,10,4,0.5,0.2,0.3,4.920654155785543,0.15259698787651543,2,S15; S20,Chatots; Mahogany Town Multiscalers
Ferrothorn,Tapu_Fini,2,10,4,0.5,0.2,0.3,3.853570481006831,0.2287130836623032,3,S14; S18,Oricorios; Zeraora
Lopunny-Mega,Tapu_Fini,2,10,4,0.5,0.2,0.3,3.853570481006831,0.2287130836623032,3,S10; S14,Brelooms; Oricorios
Gligar,Komala,2,10,4,0.5,0.2,0.3,3.85270215336278,0.22880078798325537,3,S3; S5,Goomys; Regiskins
Greninja,Dragalge,2,10,4,0.5,0.2,0.3,3.8506555557938955,0.22900763358778625,3,S9; S11,Aggies; Shaymins
Snorlax,Accelgor,2,10,4,0.5,0.2,0.3,3.8506555557938955,0.22900763358778625,3,S6; S12,Lanturns; Multiscalers
Clefable,Dugtrio,3,15,6,0.5,0.2,0.3,3.8277237347843207,0.47327710690691294,6,S3; S4; S7,Dracos; Magikarps; Politoads
Diancie-Mega,Obstagoon,2,10,4,0.5,0.2,0.3,3.191025638897183,0.3053435114503817,4,S10; S11,Aggies; Azumarills
Porygon2,Rotom-Frost,2,9,4,0.5,0.2222222222222222,0.2777777777777778,4.919349550499538,0.15267175572519084,2,S7; S12,Aggies; Primarinas
Zapdos,Beedrill-Mega,2,9,4,0.5,0.2222222222222222,0.2777777777777778,4.919349550499538,0.15267175572519084,2,S10; S11,Metapods; Oricorios
Aggron-Mega,Comfey,2,9,4,0.5,0.2222222222222222,0.2777777777777778,3.8512127930368165,0.22895128328424597,3,S7; S15,Metapods; Staraptors
Umbreon,Dragalge,2,9,4,0.5,0.2222222222222222,0.2777777777777778,3.8506555557938955,0.22900763358778625,3,S4; S9,Ribombees; Shaymins
Umbreon,Typhlosion,2,9,4,0.5,0.2222222222222222,0.2777777777777778,3.8506555557938955,0.22900763358778625,3,S3; S9,Regiskins; Shaymins
Venusaur-Mega,Minior,2,9,4,0.5,0.2222222222222222,0.2777777777777778,3.8506555557938955,0.22900763358778625,3,S5; S10,Aggrons; Chatots
Excadrill,Virizion,2,9,4,0.5,0.2222222222222222,0.2777777777777778,3.0925219355044424,0.3207507528538413,4,S1; S7,Crobats; SD Padreigons
Kyurem,Bellibolt,3,13,6,0.5,0.23076923076923078,0.2692307692307692,4.414426404289968,0.3810141745657088,5,S14; S18; S20,Baltimore Oricorios; Oricorios; Poggers
Vikavolt,Landorus,3,13,6,0.5,0.23076923076923078,0.2692307692307692,4.411184592520949,0.3814776373373176,5,S11; S13; S14,Chatots; Oricorios
Mamoswine,Drapion,3,13,6,0.5,0.23076923076923078,0.2692307692307692,4.306242887085291,0.39708663071643674,5,S1; S3; S4,Lanturns; Patrats; Shaymins
Mew,Cloyster,3,13,6,0.5,0.23076923076923078,0.2692307692307692,4.306242887085291,0.39708663071643674,5,S1; S4; S6,Lanturns; Murkrows; Ribombees
Excadrill,Gigalith,3,9,5,0.6,0.3333333333333333,0.26666666666666666,5.817774066647279,0.2444148749912459,3,S1; S7; S9,Aggrons; Crobats; SD Padreigons
Grimmsnarl,Rillaboom,3,9,5,0.6,0.3333333333333333,0.26666666666666666,4.410919507554661,0.3815155700957228,5,S10; S19; S20,Aggies; Chatots; Houston Zeraora
Spectrier,Zapdos-Galar,2,5,3,0.6666666666666666,0.4,0.2666666666666666,4.922961366188803,0.15246491012065994,2,S10; S16,Primarinas; Shaymins
Pecharunt,Armarouge,2,5,3,0.6666666666666666,0.4,0.2666666666666666,4.9222747822849415,0.1525041899266919,2,S18; S20,Chatots; Massachusetts Metapods
Pelipper,Barraskewda,2,5,3,0.6666666666666666,0.4,0.2666666666666666,4.919349550499538,0.15267175572519084,2,S7; S12,Archeops; Dracos
Dhelmise,Kecleon,2,5,3,0.6666666666666666,0.4,0.2666666666666666,4.670669315550932,0.1680789971286505,2,S1; S2,Escavaliers; Goomys
Torkoal,Walking_Wake,3,6,4,0.75,0.5,0.25,6.031169040907408,0.2285714285714286,3,S14; S17; S19,Gulp Missiles; Metapods; Staraptors
Iron_Valiant,Thundurus-Therian,2,8,4,0.5,0.25,0.25,4.922961366188803,0.15246491012065994,2,S13; S16,Aggies; Primarinas
Hitmontop,Hatterene,2,8,4,0.5,0.25,0.25,4.92188764452199,0.15252635405307163,2,S7; S19,Murkrows; Poggers
Suicune,Aegislash,2,8,4,0.5,0.25,0.25,4.919349550499538,0.15267175572519084,2,S10; S13,Aggrons; Multiscalers
Suicune,Minior,2,8,4,0.5,0.25,0.25,4.919349550499538,0.15267175572519084,2,S5; S10,Aggrons; Chatots
Cobalion,Tapu Fini,2,8,4,0.5,0.25,0.25,3.8506555557938955,0.22900763358778625,3,S2; S4,Patrats; Whiscashes
Mimikyu,Machamp,2,8,4,0.5,0.25,0.25,3.8506555557938955,0.22900763358778625,3,S4; S5,Aggrons
Persian-Alola,Leafeon,2,8,4,0.5,0.25,0.25,3.8506555557938955,0.22900763358778625,3,S6; S12,Multiscalers; Regiskins
Volcanion,Hawlucha,2,8,4,0.5,0.25,0.25,3.8506555557938955,0.22900763358778625,3,S5; S7,Aggrons; Primarinas
Decidueye,Tapu Koko,2,8,4,0.5,0.25,0.25,3.7065077465299514,0.2444148749912459,3,S1; S3,Seadras; Shaymins
Mimikyu,Lucario,2,8,4,0.5,0.25,0.25,3.7065077465299514,0.2444148749912459,3,S1; S12,Lanturns; Multiscalers
Suicune,Virizion,2,8,4,0.5,0.25,0.25,3.7065077465299514,0.2444148749912459,3,S1; S7,Crobats; SD Padreigons
Slowking,Bisharp,3,11,6,0.5,0.2727272727272727,0.2272727272727273,5.074018245633809,0.3053435114503817,4,S11; S12; S13,Chatots; Metapods
Buzzwole,Archaludon,3,8,5,0.6,0.375,0.22499999999999998,6.029409900916934,0.2286946661171681,3,S17; S18; S20,Aggies; Chicago Chatots; Poggers
Celesteela,Hitmontop,4,14,8,0.5,0.2857142857142857,0.2142857142857143,4.933857348264619,0.5342057433660488,7,S3; S8; S11; S19,Crobats; Poggers; Regiskins; Shaymins
Porygon-Z,Skeledirge,2,7,4,0.5,0.2857142857142857,0.2142857142857143,4.92188764452199,0.15252635405307163,2,S13; S14,Aggies; Shaymins
Cofagrigus,Pangoro,2,7,4,0.5,0.2857142857142857,0.2142857142857143,4.919349550499538,0.15267175572519084,2,S4; S5,Murkrows; Primarinas
Ting-Lu,Iron_Leaves,2,7,4,0.5,0.2857142857142857,0.2142857142857143,3.854091510104096,0.22866047994000752,3,S14; S15,Primarinas; Zeraora
Slowking-Galar,Rapidash,2,7,4,0.5,0.2857142857142857,0.2142857142857143,3.8535333689982028,0.22871683024354783,3,S13; S14,Crobats; Multiscalers
Swampert,Stoutland,2,7,4,0.5,0.2857142857142857,0.2142857142857143,3.8506555557938955,0.22900763358778625,3,S6; S8,Krookodiles; Primarinas
Cofagrigus,Landorus-T,2,7,4,0.5,0.2857142857142857,0.2142857142857143,3.0925219355044424,0.3207507528538413,4,S1; S2,Patrats; Primarinas
Cofagrigus,Tapu Fini,2,7,4,0.5,0.2857142857142857,0.2142857142857143,3.0925219355044424,0.3207507528538413,4,S1; S2,Patrats; Primarinas
Slowking-Galar,Baxcalibur,3,7,5,0.6,0.42857142857142855,0.17142857142857143,4.413244261376912,0.3811830874118345,5,S14; S18; S19,Charizards; Multiscalers; Shaymins
Excadrill,Hippowdon,3,9,6,0.5,0.3333333333333333,0.16666666666666669,5.074018245633809,0.3053435114503817,4,S4; S8; S11,PC; Poggers; Regiskins
Cresselia,Komala,2,6,4,0.5,0.3333333333333333,0.16666666666666669,4.922961366188803,0.15246491012065994,2,S12; S16,Primarinas; Staraptors
Illumise,Zarude,2,6,4,0.5,0.3333333333333333,0.16666666666666669,4.9222747822849415,0.1525041899266919,2,S18; S20,Chicago Chatots; Crobats
Keldeo,Doublade,2,6,4,0.5,0.3333333333333333,0.16666666666666669,4.92188764452199,0.15252635405307163,2,S5; S19,Shaymins
Shuckle,Liepard,2,6,4,0.5,0.3333333333333333,0.16666666666666669,4.919349550499538,0.15267175572519084,2,S3; S5,Ribombees; Seadras
Tapu_Bulu,Hawlucha,2,6,4,0.5,0.3333333333333333,0.16666666666666669,4.919349550499538,0.15267175572519084,2,S7; S12,Aggrons; Primarinas
Muk-Alola,Chansey,3,9,6,0.5,0.3333333333333333,0.16666666666666669,4.409775017217924,0.3816793893129771,5,S3; S6; S8,Chatots; Leafeons
Dragonite,Electrode-Hisui,2,6,4,0.5,0.3333333333333333,0.16666666666666669,3.8547004686880957,0.22859903600759585,3,S15; S17,Metapods; Murkrows
Latias,Glimmora,2,6,4,0.5,0.3333333333333333,0.16666666666666669,3.8541286337765137,0.2286567333587629,3,S15; S17,Charizards; Poggers
Landorus,Tentacruel,2,6,4,0.5,0.3333333333333333,0.16666666666666669,3.852651568288738,0.22880588161212673,3,S15; S17,Chatots; Metapods
Heliolisk,Tyranitar,2,6,4,0.5,0.3333333333333333,0.16666666666666669,3.8506555557938955,0.22900763358778625,3,S4; S5,Archeops; Regiskins
Malamar,Minior,2,6,4,0.5,0.3333333333333333,0.16666666666666669,3.8506555557938955,0.22900763358778625,3,S4; S10,Aggrons
Malamar,Zygarde-10,2,6,4,0.5,0.3333333333333333,0.16666666666666669,3.8506555557938955,0.22900763358778625,3,S5; S10,Aggrons
Drapion,Dusknoir,2,6,4,0.5,0.3333333333333333,0.16666666666666669,3.7065077465299514,0.2444148749912459,3,S1; S12,Patrats; Zeraora
Malamar,Machamp,2,6,4,0.5,0.3333333333333333,0.16666666666666669,3.191025638897183,0.3053435114503817,4,S4; S5,Aggrons
Banette-Mega,Darkrai,2,4,3,0.6666666666666666,0.5,0.16666666666666663,4.9255039612815885,0.1523195084485407,2,S16; S19,Murkrows; Oricorios
Obstagoon,Centiskorch,2,4,3,0.6666666666666666,0.5,0.16666666666666663,4.919349550499538,0.15267175572519084,2,S7; S10,Azumarills; Shaymins
Stoutland,Gardevoir,2,4,3,0.6666666666666666,0.5,0.16666666666666663,4.919349550499538,0.15267175572519084,2,S2; S11,Leafeons; Oricorios
Tangela,Hariyama,2,4,3,0.6666666666666666,0.5,0.16666666666666663,3.8506555557938955,0.22900763358778625,3,S12; S13,Crobats; Dracos
Hitmontop,Cinderace,3,8,6,0.5,0.375,0.125,6.024948132556827,0.22900763358778625,3,S7; S11; S12,Murkrows; Poggers; Shaymins
Weavile,Gastrodon,3,6,5,0.6,0.5,0.09999999999999998,6.024948132556827,0.22900763358778625,3,S3; S5; S6,Shaymins
Thundurus,Glimmora,2,5,4,0.5,0.4,0.09999999999999998,4.921953095399666,0.152522607471827,2,S13; S18,Oricorios; Poggers
Darmanitan-Galar,Latias-Mega,2,5,4,0.5,0.4,0.09999999999999998,4.919349550499538,0.15267175572519084,2,S7; S8,Chatots; Crobats
Darmanitan-Galar,Virizion,2,5,4,0.5,0.4,0.09999999999999998,4.919349550499538,0.15267175572519084,2,S7; S9,Chatots; Crobats
Mandibuzz,Virizion,2,5,4,0.5,0.4,0.09999999999999998,4.919349550499538,0.15267175572519084,2,S9; S11,Chatots; Poggers
Sneasel,Hawlucha,2,5,4,0.5,0.4,0.09999999999999998,4.670669315550932,0.1680789971286505,2,S1; S5,Lucarios; Primarinas
Baxcalibur,Orthworm,2,5,4,0.5,0.4,0.09999999999999998,3.852688661875186,0.22880213503088212,3,S13; S18,Aggies; Charizards
Cyclizar,Glimmora,2,5,4,0.5,0.4,0.09999999999999998,3.852651568288738,0.22880588161212673,3,S13; S17,Charizards; Oricorios
Kingambit,Quaquaval,2,5,4,0.5,0.4,0.09999999999999998,3.85227612894957,0.22884381437053192,3,S17; S20,Massachusetts Metapods; Zeraora
Froslass,Pangoro,2,5,4,0.5,0.4,0.09999999999999998,3.8512127930368165,0.22895128328424597,3,S10; S15,Charizards; Poggers
Electrode,Minior,2,5,4,0.5,0.4,0.09999999999999998,3.8506555557938955,0.22900763358778625,3,S5; S10,Aggrons; Chatots
Gastrodon,Armaldo,2,5,4,0.5,0.4,0.09999999999999998,3.7078331588736653,0.24426947331912668,3,S3; S14,Murkrows; Shaymins
Gigalith,Virizion,2,5,4,0.5,0.4,0.09999999999999998,3.7065077465299514,0.2444148749912459,3,S1; S7,Crobats; SD Padreigons
